Nitrogen(kg/ha),Phosphorus(Kg/Ha),Pottasium(Kg/Ha),Temperature,Rainfall,PH,Humidity,Label,Market Price(Rupees),Land Preparation Cost,Initial Manure Cost,Seed Cost,Weed Removal Cost,Fertilizer Cost,Manpower Cost,Tractor Diesel Cost,Irrigation Cost,Pest Control Cost,Harvesting Cost,Transportation Cost,Miscellaneous Cost,Total Expenses
20,21.78,22.79,22.72,340.61,7.76,77.97,Ashwagandha,245,3000,2000,3000,1500,4000,5000,2000,2500,1500,4000,3500,2500,34500
21,21.65,27.51,23.94,336.53,7.8,72.13,Ashwagandha,245,3000,2000,3000,1500,4000,5000,2000,2500,1500,4000,3500,2500,34500
22,23.15,23.51,24.9,304.67,7.9,70.65,Ashwagandha,245,3000,2000,3000,1500,4000,5000,2000,2500,1500,4000,3500,2500,34500
22.1,22.14,22.53,24.35,302.7,7.93,73.58,Ashwagandha,245,3000,2000,3000,1500,4000,5000,2000,2500,1500,4000,3500,2500,34500
23.1,22.27,23.15,24.61,346.29,7.74,77.1,Ashwagandha,245,3000,2000,3000,1500,4000,5000,2000,2500,1500,4000,3500,2500,34500
24.1,22.4,20.13,23.68,327.14,7.86,74.73,Ashwagandha,245,3000,2000,3000,1500,4000,5000,2000,2500,1500,4000,3500,2500,34500
25.1,22.53,23.54,23.17,324.25,7.73,72.38,Ashwagandha,245,3000,2000,3000,1500,4000,5000,2000,2500,1500,4000,3500,2500,34500
26.1,22.66,20.15,21.14,349.54,7.58,70.61,Ashwagandha,245,3000,2000,3000,1500,4000,5000,2000,2500,1500,4000,3500,2500,34500
26.2,22.79,29.11,20.43,317.47,7.67,78.48,Ashwagandha,245,3000,2000,3000,1500,4000,5000,2000,2500,1500,4000,3500,2500,34500
26.34,23.45,22.27,22.39,312.57,7.87,77.38,Ashwagandha,245,3000,2000,3000,1500,4000,5000,2000,2500,1500,4000,3500,2500,34500
26.4,23.48,27.13,22.42,327.33,7.89,75,Ashwagandha,245,3000,2000,3000,1500,4000,5000,2000,2500,1500,4000,3500,2500,34500
26.5,23.51,27.89,24.46,337.7,7.67,74.65,Ashwagandha,245,3000,2000,3000,1500,4000,5000,2000,2500,1500,4000,3500,2500,34500
26.6,23.54,22.14,22.56,301.91,7.59,74.91,Ashwagandha,245,3000,2000,3000,1500,4000,5000,2000,2500,1500,4000,3500,2500,34500
26.7,20.15,28.54,20.69,343.96,7.69,74.77,Ashwagandha,245,3000,2000,3000,1500,4000,5000,2000,2500,1500,4000,3500,2500,34500
26.8,20.16,20.54,22.45,349.82,8,73.13,Ashwagandha,245,3000,2000,3000,1500,4000,5000,2000,2500,1500,4000,3500,2500,34500
26.9,20.13,20.76,24.97,312.65,7.69,79.7,Ashwagandha,245,3000,2000,3000,1500,4000,5000,2000,2500,1500,4000,3500,2500,34500
22.35,20.45,21.78,24.29,305.19,7.95,73.26,Ashwagandha,245,3000,2000,3000,1500,4000,5000,2000,2500,1500,4000,3500,2500,34500
23.34,20.76,20.45,24.56,346.72,7.53,77.77,Ashwagandha,245,3000,2000,3000,1500,4000,5000,2000,2500,1500,4000,3500,2500,34500
21.45,20.54,25.06,20.11,315.24,7.66,74.93,Ashwagandha,245,3000,2000,3000,1500,4000,5000,2000,2500,1500,4000,3500,2500,34500
21.11,28.45,25.07,21.86,340.27,7.92,77.54,Ashwagandha,245,3000,2000,3000,1500,4000,5000,2000,2500,1500,4000,3500,2500,34500
21.15,28.54,20.16,24.05,302,7.88,74.72,Ashwagandha,245,3000,2000,3000,1500,4000,5000,2000,2500,1500,4000,3500,2500,34500
21.78,27.51,25.33,21.57,339.71,7.59,79.6,Ashwagandha,245,3000,2000,3000,1500,4000,5000,2000,2500,1500,4000,3500,2500,34500
21.56,27.13,28.45,22.78,307.36,7.73,77.5,Ashwagandha,245,3000,2000,3000,1500,4000,5000,2000,2500,1500,4000,3500,2500,34500
23.54,27.89,25.12,24.97,346.74,7.85,72.29,Ashwagandha,245,3000,2000,3000,1500,4000,5000,2000,2500,1500,4000,3500,2500,34500
25.45,25.33,23.48,21.75,328.03,7.83,77.1,Ashwagandha,245,3000,2000,3000,1500,4000,5000,2000,2500,1500,4000,3500,2500,34500
27.1,25.12,22.4,23.33,310.71,7.54,71.61,Ashwagandha,245,3000,2000,3000,1500,4000,5000,2000,2500,1500,4000,3500,2500,34500
27.32,25.06,23.45,22.85,311.11,7.74,71.42,Ashwagandha,245,3000,2000,3000,1500,4000,5000,2000,2500,1500,4000,3500,2500,34500
27.45,25.07,22.66,23.76,332.17,7.81,76.45,Ashwagandha,245,3000,2000,3000,1500,4000,5000,2000,2500,1500,4000,3500,2500,34500
27.12,29.1,29.45,20.39,337.96,7.92,70.94,Ashwagandha,245,3000,2000,3000,1500,4000,5000,2000,2500,1500,4000,3500,2500,34500
27.15,29.11,21.65,23.6,338.92,7.69,77.17,Ashwagandha,245,3000,2000,3000,1500,4000,5000,2000,2500,1500,4000,3500,2500,34500
115.34,45.1,50.19,29.82,1044.97,6.09,65.39,Tulsi,60,3000,1800,2500,1200,3500,4000,2000,2000,1200,3500,2800,2000,29500
106.11,45.96,48.63,27.06,842.72,6.65,46.37,Tulsi,60,3000,1800,2500,1200,3500,4000,2000,2000,1200,3500,2800,2000,29500
113.54,43.91,46.72,33.41,1150.17,6.81,66.93,Tulsi,60,3000,1800,2500,1200,3500,4000,2000,2000,1200,3500,2800,2000,29500
111.54,45.1,46.02,34.63,1028.82,5.71,51.89,Tulsi,60,3000,1800,2500,1200,3500,4000,2000,2000,1200,3500,2800,2000,29500
100.92,46.91,45.1,31.36,1010.88,5.94,47.71,Tulsi,60,3000,1800,2500,1200,3500,4000,2000,2000,1200,3500,2800,2000,29500
116.07,43.22,45.13,34.1,937.5,5.99,43.79,Tulsi,60,3000,1800,2500,1200,3500,4000,2000,2000,1200,3500,2800,2000,29500
105.92,48.63,57.13,33.1,1184.01,6.07,61.32,Tulsi,60,3000,1800,2500,1200,3500,4000,2000,2000,1200,3500,2800,2000,29500
107.39,56.41,44.1,28.41,868.43,6.5,52.58,Tulsi,60,3000,1800,2500,1200,3500,4000,2000,2000,1200,3500,2800,2000,29500
115.09,56.27,58.97,34.5,1001.36,5.65,60.72,Tulsi,60,3000,1800,2500,1200,3500,4000,2000,2000,1200,3500,2800,2000,29500
108.37,44.45,58.36,34.12,903.84,6.86,46.83,Tulsi,60,3000,1800,2500,1200,3500,4000,2000,2000,1200,3500,2800,2000,29500
101.02,50.19,48.74,27.06,1074.47,5.79,54.66,Tulsi,60,3000,1800,2500,1200,3500,4000,2000,2000,1200,3500,2800,2000,29500
110.49,40.35,40.56,26.84,958.96,5.79,40.57,Tulsi,60,3000,1800,2500,1200,3500,4000,2000,2000,1200,3500,2800,2000,29500
110.02,41.37,57.47,32.07,912.44,6.12,45.08,Tulsi,60,3000,1800,2500,1200,3500,4000,2000,2000,1200,3500,2800,2000,29500
100.42,46.72,46.91,26.76,1078.9,6.85,68.87,Tulsi,60,3000,1800,2500,1200,3500,4000,2000,2000,1200,3500,2800,2000,29500
112.7,57.03,44.45,34.7,988.01,6.44,60.36,Tulsi,60,3000,1800,2500,1200,3500,4000,2000,2000,1200,3500,2800,2000,29500
114.53,44.32,56.14,32.64,843.78,6.96,46.72,Tulsi,60,3000,1800,2500,1200,3500,4000,2000,2000,1200,3500,2800,2000,29500
100,54.58,57.03,25.68,910.49,6.41,54.11,Tulsi,60,3000,1800,2500,1200,3500,4000,2000,2000,1200,3500,2800,2000,29500
104.94,56.14,54.58,33.95,1044.56,6.98,68.79,Tulsi,60,3000,1800,2500,1200,3500,4000,2000,2000,1200,3500,2800,2000,29500
114.44,57.47,46.49,25.63,925.1,6.32,51.23,Tulsi,60,3000,1800,2500,1200,3500,4000,2000,2000,1200,3500,2800,2000,29500
102.13,58.36,41.37,29.84,1074.45,6.22,45.82,Tulsi,60,3000,1800,2500,1200,3500,4000,2000,2000,1200,3500,2800,2000,29500
109.89,46.02,43.22,33.98,858.66,6.73,61.46,Tulsi,60,3000,1800,2500,1200,3500,4000,2000,2000,1200,3500,2800,2000,29500
116.78,44.1,58.72,26.36,1112.73,6.02,47.77,Tulsi,60,3000,1800,2500,1200,3500,4000,2000,2000,1200,3500,2800,2000,29500
103.39,40.63,43.91,26.59,1022.72,5.5,53.6,Tulsi,60,3000,1800,2500,1200,3500,4000,2000,2000,1200,3500,2800,2000,29500
117.88,46.49,56.27,28.47,869.34,6.78,54.89,Tulsi,60,3000,1800,2500,1200,3500,4000,2000,2000,1200,3500,2800,2000,29500
102.82,40.56,45.96,34.7,870.95,6.15,69.55,Tulsi,60,3000,1800,2500,1200,3500,4000,2000,2000,1200,3500,2800,2000,29500
107.6,58.72,40.63,26.8,1028.13,6.25,55.81,Tulsi,60,3000,1800,2500,1200,3500,4000,2000,2000,1200,3500,2800,2000,29500
102.63,54.64,54.64,29.98,1159.19,6.67,62.88,Tulsi,60,3000,1800,2500,1200,3500,4000,2000,2000,1200,3500,2800,2000,29500
112.71,48.74,40.35,34.64,1066.69,5.59,52.96,Tulsi,60,3000,1800,2500,1200,3500,4000,2000,2000,1200,3500,2800,2000,29500
115.22,57.13,56.41,25.35,1011.62,6.52,47.49,Tulsi,60,3000,1800,2500,1200,3500,4000,2000,2000,1200,3500,2800,2000,29500
108.9,58.97,44.32,33.14,946.7,6.72,58.99,Tulsi,60,3000,1800,2500,1200,3500,4000,2000,2000,1200,3500,2800,2000,29500
51.39,47.06,42.78,29.99,5.9,5.57,44.88,Aloe Vera,31,3000,2500,5000,1500,3000,4500,2000,2200,1500,3500,2500,2300,33500
56.28,48.97,44.71,37.13,28.27,5.65,48.04,Aloe Vera,31,3000,2500,5000,1500,3000,4500,2000,2200,1500,3500,2500,2300,33500
55.5,40.89,49.06,37.87,222.1,6.01,42.57,Aloe Vera,31,3000,2500,5000,1500,3000,4500,2000,2200,1500,3500,2500,2300,33500
59.21,45.71,45.59,37.55,61.63,6.63,47.01,Aloe Vera,31,3000,2500,5000,1500,3000,4500,2000,2200,1500,3500,2500,2300,33500
50.7,42.15,44.69,37.32,81.55,8.12,40.44,Aloe Vera,31,3000,2500,5000,1500,3000,4500,2000,2200,1500,3500,2500,2300,33500
53.92,48.45,46.31,38.58,306.21,6.75,41.54,Aloe Vera,31,3000,2500,5000,1500,3000,4500,2000,2200,1500,3500,2500,2300,33500
59.94,44.62,42.09,39.54,197.11,5.7,49.87,Aloe Vera,31,3000,2500,5000,1500,3000,4500,2000,2200,1500,3500,2500,2300,33500
55.49,45.75,41.79,28.86,201.4,6.33,46.79,Aloe Vera,31,3000,2500,5000,1500,3000,4500,2000,2200,1500,3500,2500,2300,33500
59.34,40.79,48.41,29.01,264.99,7.66,48.48,Aloe Vera,31,3000,2500,5000,1500,3000,4500,2000,2200,1500,3500,2500,2300,33500
57.74,46.57,43.94,36.69,317.37,7.28,41.34,Aloe Vera,31,3000,2500,5000,1500,3000,4500,2000,2200,1500,3500,2500,2300,33500
58.42,44.11,48.55,27.09,210.21,8.25,45.61,Aloe Vera,31,3000,2500,5000,1500,3000,4500,2000,2200,1500,3500,2500,2300,33500
54.56,44.08,44.53,29.19,25.52,8.25,44.28,Aloe Vera,31,3000,2500,5000,1500,3000,4500,2000,2200,1500,3500,2500,2300,33500
54.75,42.2,41.9,35.43,271.33,7.74,46.03,Aloe Vera,31,3000,2500,5000,1500,3000,4500,2000,2200,1500,3500,2500,2300,33500
51.58,49.44,40.02,33.59,299.92,7.42,49.97,Aloe Vera,31,3000,2500,5000,1500,3000,4500,2000,2200,1500,3500,2500,2300,33500
53.8,41.34,43.54,25.95,180.26,7.12,41.52,Aloe Vera,31,3000,2500,5000,1500,3000,4500,2000,2200,1500,3500,2500,2300,33500
59.32,41.53,41.44,33.19,172.18,5.87,46.88,Aloe Vera,31,3000,2500,5000,1500,3000,4500,2000,2200,1500,3500,2500,2300,33500
59.79,45.08,48.84,30.61,71.21,7.43,43.3,Aloe Vera,31,3000,2500,5000,1500,3000,4500,2000,2200,1500,3500,2500,2300,33500
56.85,40.08,43.55,25.78,275.95,6.17,45.15,Aloe Vera,31,3000,2500,5000,1500,3000,4500,2000,2200,1500,3500,2500,2300,33500
55.71,44.45,42.69,26.72,215.43,7.19,47.45,Aloe Vera,31,3000,2500,5000,1500,3000,4500,2000,2200,1500,3500,2500,2300,33500
54.19,40.99,43.99,31.05,203.58,8.29,46.45,Aloe Vera,31,3000,2500,5000,1500,3000,4500,2000,2200,1500,3500,2500,2300,33500
57.17,43.06,41.97,26.55,248.9,6.27,43.2,Aloe Vera,31,3000,2500,5000,1500,3000,4500,2000,2200,1500,3500,2500,2300,33500
50.31,48.58,43.87,30.3,311.93,8.02,40.48,Aloe Vera,31,3000,2500,5000,1500,3000,4500,2000,2200,1500,3500,2500,2300,33500
51.95,49.9,46.09,27.89,127.4,7.8,43.99,Aloe Vera,31,3000,2500,5000,1500,3000,4500,2000,2200,1500,3500,2500,2300,33500
59.84,47.09,44.61,25.97,162.53,5.96,40.32,Aloe Vera,31,3000,2500,5000,1500,3000,4500,2000,2200,1500,3500,2500,2300,33500
53.34,44.56,48.06,35.13,212.18,6.55,40.25,Aloe Vera,31,3000,2500,5000,1500,3000,4500,2000,2200,1500,3500,2500,2300,33500
53.13,48.61,43.58,35.76,151.39,8.14,41.22,Aloe Vera,31,3000,2500,5000,1500,3000,4500,2000,2200,1500,3500,2500,2300,33500
58.44,44.02,41.75,27.92,95.23,7.73,49.69,Aloe Vera,31,3000,2500,5000,1500,3000,4500,2000,2200,1500,3500,2500,2300,33500
53.8,40.87,48.83,27.82,92.02,6.15,42.13,Aloe Vera,31,3000,2500,5000,1500,3000,4500,2000,2200,1500,3500,2500,2300,33500
57.67,42.98,48.31,33.37,149.15,7.36,41.58,Aloe Vera,31,3000,2500,5000,1500,3000,4500,2000,2200,1500,3500,2500,2300,33500
59.45,42.71,46.91,38.44,312.96,7.63,46.76,Aloe Vera,31,3000,2500,5000,1500,3000,4500,2000,2200,1500,3500,2500,2300,33500
56.67,43.11,46.92,32.11,320.45,5.78,47.54,Aloe Vera,31,3000,2500,5000,1500,3000,4500,2000,2200,1500,3500,2500,2300,33500
54.6,43.15,46.75,24.43,321.5,4.5,47.65,Aloe Vera,31,3000,2500,5000,1500,3000,4500,2000,2200,1500,3500,2500,2300,33500
143.82,40.4,93.92,31.26,2073.77,6.77,54.2,LemonGrass,200,3000,2000,3500,1500,4500,5500,2000,3000,1800,4000,3500,2700,37000
131.14,57.72,61.65,12.62,2252.69,6.78,50.87,LemonGrass,200,3000,2000,3500,1500,4500,5500,2000,3000,1800,4000,3500,2700,37000
107.17,50.61,68.64,21.29,2440.96,6.68,56.03,LemonGrass,200,3000,2000,3500,1500,4500,5500,2000,3000,1800,4000,3500,2700,37000
120.82,49.15,66.42,20.96,2022.58,7.18,47.7,LemonGrass,200,3000,2000,3500,1500,4500,5500,2000,3000,1800,4000,3500,2700,37000
104.81,40.06,84.82,16.8,2432.87,6.02,54.72,LemonGrass,200,3000,2000,3500,1500,4500,5500,2000,3000,1800,4000,3500,2700,37000
130.55,47.19,82.19,32.45,2481.14,6.69,51.11,LemonGrass,200,3000,2000,3500,1500,4500,5500,2000,3000,1800,4000,3500,2700,37000
114.25,59.82,90.91,24.55,2426.44,6.85,58.13,LemonGrass,200,3000,2000,3500,1500,4500,5500,2000,3000,1800,4000,3500,2700,37000
112.08,52.99,66.4,23.34,2079.64,7.39,51.87,LemonGrass,200,3000,2000,3500,1500,4500,5500,2000,3000,1800,4000,3500,2700,37000
138.63,44.03,94.4,25.01,2175.47,6.94,52.1,LemonGrass,200,3000,2000,3500,1500,4500,5500,2000,3000,1800,4000,3500,2700,37000
141.2,54.02,69.88,21.48,2114.77,7.25,50.09,LemonGrass,200,3000,2000,3500,1500,4500,5500,2000,3000,1800,4000,3500,2700,37000
137.35,41.84,67.89,24.88,2203.71,6.41,59.81,LemonGrass,200,3000,2000,3500,1500,4500,5500,2000,3000,1800,4000,3500,2700,37000
137.67,48.53,67.53,25.79,2486.16,7.06,47.83,LemonGrass,200,3000,2000,3500,1500,4500,5500,2000,3000,1800,4000,3500,2700,37000
105.63,47.32,85.32,30.86,2307.44,6.43,41.09,LemonGrass,200,3000,2000,3500,1500,4500,5500,2000,3000,1800,4000,3500,2700,37000
123.74,49.65,78.94,24.85,2349.84,6.2,56.59,LemonGrass,200,3000,2000,3500,1500,4500,5500,2000,3000,1800,4000,3500,2700,37000
138.09,46.98,99.51,19.38,2339.01,6.18,43.68,LemonGrass,200,3000,2000,3500,1500,4500,5500,2000,3000,1800,4000,3500,2700,37000
108.12,56.97,69.87,21.78,2075.51,7.32,48.48,LemonGrass,200,3000,2000,3500,1500,4500,5500,2000,3000,1800,4000,3500,2700,37000
149.67,46.4,98.76,24.92,2076.48,6.23,49.76,LemonGrass,200,3000,2000,3500,1500,4500,5500,2000,3000,1800,4000,3500,2700,37000
137.25,44.42,89.18,28.13,2184.59,6.34,42.13,LemonGrass,200,3000,2000,3500,1500,4500,5500,2000,3000,1800,4000,3500,2700,37000
131.38,42.6,91.5,10.41,2160.34,7.29,51.58,LemonGrass,200,3000,2000,3500,1500,4500,5500,2000,3000,1800,4000,3500,2700,37000
113.33,55.57,97.24,26.08,2366.54,6.15,43.74,LemonGrass,200,3000,2000,3500,1500,4500,5500,2000,3000,1800,4000,3500,2700,37000
109.3,43.26,66.98,12.32,2375.59,6.78,51.45,LemonGrass,200,3000,2000,3500,1500,4500,5500,2000,3000,1800,4000,3500,2700,37000
106.61,50.27,87.41,27.19,2106.16,6.4,43.43,LemonGrass,200,3000,2000,3500,1500,4500,5500,2000,3000,1800,4000,3500,2700,37000
147.38,45.51,74.59,21.6,2186.23,6.95,47.95,LemonGrass,200,3000,2000,3500,1500,4500,5500,2000,3000,1800,4000,3500,2700,37000
140.78,52.07,73.81,31.39,2321.06,6.08,53.09,LemonGrass,200,3000,2000,3500,1500,4500,5500,2000,3000,1800,4000,3500,2700,37000
109.41,47.85,99.93,15.96,2319.28,6.13,59.79,LemonGrass,200,3000,2000,3500,1500,4500,5500,2000,3000,1800,4000,3500,2700,37000
110.19,52.07,79.68,20.72,2284.44,6.24,56.48,LemonGrass,200,3000,2000,3500,1500,4500,5500,2000,3000,1800,4000,3500,2700,37000
149.23,57.77,79.69,16.53,2279.77,6.81,43.13,LemonGrass,200,3000,2000,3500,1500,4500,5500,2000,3000,1800,4000,3500,2700,37000
134.63,53.88,88.61,24.26,2383.9,6.5,40.33,LemonGrass,200,3000,2000,3500,1500,4500,5500,2000,3000,1800,4000,3500,2700,37000
123.57,56.58,97.83,25.01,2108.62,7.47,57.31,LemonGrass,200,3000,2000,3500,1500,4500,5500,2000,3000,1800,4000,3500,2700,37000
101.76,46.65,81.91,13.57,2039.94,6.63,44.8,LemonGrass,200,3000,2000,3500,1500,4500,5500,2000,3000,1800,4000,3500,2700,37000
61.24,35.56,55.46,29.01,1312.83,6.23,52.54,Giloy,100,3000,1800,2500,1200,3000,4000,2000,2200,1500,3500,2500,2300,29500
63.19,36.39,58.76,25.23,1142.03,5.55,63.27,Giloy,100,3000,1800,2500,1200,3000,4000,2000,2200,1500,3500,2500,2300,29500
53.86,37.2,53.17,26.03,1464.28,6.94,51.29,Giloy,100,3000,1800,2500,1200,3000,4000,2000,2200,1500,3500,2500,2300,29500
56.93,47.03,49.08,31.98,1154.2,7.19,58.92,Giloy,100,3000,1800,2500,1200,3000,4000,2000,2200,1500,3500,2500,2300,29500
68.14,31.1,57.12,33.64,1131.62,6.96,69.1,Giloy,100,3000,1800,2500,1200,3000,4000,2000,2200,1500,3500,2500,2300,29500
66.67,33.88,59.8,25.11,1309.97,5.55,61.07,Giloy,100,3000,1800,2500,1200,3000,4000,2000,2200,1500,3500,2500,2300,29500
58.13,47.49,51.52,28.85,1156.43,7.27,68.87,Giloy,100,3000,1800,2500,1200,3000,4000,2000,2200,1500,3500,2500,2300,29500
67.86,35.56,45.79,32.96,1195.03,7.16,79.81,Giloy,100,3000,1800,2500,1200,3000,4000,2000,2200,1500,3500,2500,2300,29500
57.27,48.63,41.24,32.85,1433.83,6.46,72.74,Giloy,100,3000,1800,2500,1200,3000,4000,2000,2200,1500,3500,2500,2300,29500
63.59,33.56,44.62,32.45,980.51,6.93,60.89,Giloy,100,3000,1800,2500,1200,3000,4000,2000,2200,1500,3500,2500,2300,29500
57.05,30.61,44.74,29.29,916.83,6.66,53.19,Giloy,100,3000,1800,2500,1200,3000,4000,2000,2200,1500,3500,2500,2300,29500
56.89,33.15,44.9,32.32,1127.12,6.69,74.12,Giloy,100,3000,1800,2500,1200,3000,4000,2000,2200,1500,3500,2500,2300,29500
56.7,37.6,51.72,26.18,1105.02,6.99,61.34,Giloy,100,3000,1800,2500,1200,3000,4000,2000,2200,1500,3500,2500,2300,29500
58.31,31.48,46.84,32.21,1026.98,6,55.6,Giloy,100,3000,1800,2500,1200,3000,4000,2000,2200,1500,3500,2500,2300,29500
64.78,38.59,44,31.83,1020.78,5.95,68.96,Giloy,100,3000,1800,2500,1200,3000,4000,2000,2200,1500,3500,2500,2300,29500
55.3,32.07,59.88,31.5,1315.8,6.45,53.79,Giloy,100,3000,1800,2500,1200,3000,4000,2000,2200,1500,3500,2500,2300,29500
53.85,46.09,57.77,28.16,1458.69,6.06,54.46,Giloy,100,3000,1800,2500,1200,3000,4000,2000,2200,1500,3500,2500,2300,29500
58.81,38.31,41.08,29.84,1396.27,6.45,72.19,Giloy,100,3000,1800,2500,1200,3000,4000,2000,2200,1500,3500,2500,2300,29500
52.03,33.19,48.64,25.79,1301.73,5.87,69,Giloy,100,3000,1800,2500,1200,3000,4000,2000,2200,1500,3500,2500,2300,29500
65.44,33.78,56.36,31.89,1388.19,6.59,73.45,Giloy,100,3000,1800,2500,1200,3000,4000,2000,2200,1500,3500,2500,2300,29500
65.24,40.47,47.9,26.46,969.14,6.97,68.59,Giloy,100,3000,1800,2500,1200,3000,4000,2000,2200,1500,3500,2500,2300,29500
66.41,33.32,58.15,33.49,1388.41,6.75,64.49,Giloy,100,3000,1800,2500,1200,3000,4000,2000,2200,1500,3500,2500,2300,29500
61.13,49.1,57.44,30.24,952.62,7.23,58.85,Giloy,100,3000,1800,2500,1200,3000,4000,2000,2200,1500,3500,2500,2300,29500
52.39,48.71,44.87,30.44,1213.54,6.99,57.24,Giloy,100,3000,1800,2500,1200,3000,4000,2000,2200,1500,3500,2500,2300,29500
62.76,44.52,41.61,28.65,1009.13,5.87,67.1,Giloy,100,3000,1800,2500,1200,3000,4000,2000,2200,1500,3500,2500,2300,29500
56.87,38.4,50.09,25.93,1374.65,6.69,78.12,Giloy,100,3000,1800,2500,1200,3000,4000,2000,2200,1500,3500,2500,2300,29500
63.91,48.87,59.28,29.11,1371.22,6.91,73.48,Giloy,100,3000,1800,2500,1200,3000,4000,2000,2200,1500,3500,2500,2300,29500
67.1,35.37,53.25,29.92,1076.44,6.62,73.69,Giloy,100,3000,1800,2500,1200,3000,4000,2000,2200,1500,3500,2500,2300,29500
62.43,36.49,49.25,29.87,1399.52,7.18,66.4,Giloy,100,3000,1800,2500,1200,3000,4000,2000,2200,1500,3500,2500,2300,29500
54.92,34.24,56.94,28.99,1466.74,7.43,73.79,Giloy,100,3000,1800,2500,1200,3000,4000,2000,2200,1500,3500,2500,2300,29500
56.57,43.03,31.16,18.71,710.48,6.45,56.2,Coriander,72,3000,2000,3000,1500,3800,4500,2000,2500,1500,3500,2700,2500,32500
42.34,37.27,25.82,20.08,558.77,6.58,62.3,Coriander,72,3000,2000,3000,1500,3800,4500,2000,2500,1500,3500,2700,2500,32500
54.69,30.22,28.54,21.3,618.46,6.67,56.2,Coriander,72,3000,2000,3000,1500,3800,4500,2000,2500,1500,3500,2700,2500,32500
52.83,30.28,38.72,19.24,553.7,6.09,56.9,Coriander,72,3000,2000,3000,1500,3800,4500,2000,2500,1500,3500,2700,2500,32500
48.51,44.3,21.95,16.07,594.73,6.08,53.1,Coriander,72,3000,2000,3000,1500,3800,4500,2000,2500,1500,3500,2700,2500,32500
52.09,38.22,38.13,19.42,580.69,7.35,50.4,Coriander,72,3000,2000,3000,1500,3800,4500,2000,2500,1500,3500,2700,2500,32500
43.68,49.83,21.54,16.96,731.1,6.54,50.2,Coriander,72,3000,2000,3000,1500,3800,4500,2000,2500,1500,3500,2700,2500,32500
53.31,32.39,33.69,19.24,751.58,6.78,53.6,Coriander,72,3000,2000,3000,1500,3800,4500,2000,2500,1500,3500,2700,2500,32500
58.94,46.74,28.31,23.39,705.24,7.02,57.2,Coriander,72,3000,2000,3000,1500,3800,4500,2000,2500,1500,3500,2700,2500,32500
48.62,42.09,33.18,18.42,591.1,6.51,62.7,Coriander,72,3000,2000,3000,1500,3800,4500,2000,2500,1500,3500,2700,2500,32500
42.9,35.18,34.26,21.68,691.41,6.27,67.1,Coriander,72,3000,2000,3000,1500,3800,4500,2000,2500,1500,3500,2700,2500,32500
41.8,36.16,31.22,19.79,755.4,6.87,56.9,Coriander,72,3000,2000,3000,1500,3800,4500,2000,2500,1500,3500,2700,2500,32500
42.58,41.6,39.71,20.11,506.65,7.47,56.1,Coriander,72,3000,2000,3000,1500,3800,4500,2000,2500,1500,3500,2700,2500,32500
42.94,42.75,30.63,19.22,719.67,6.22,67.6,Coriander,72,3000,2000,3000,1500,3800,4500,2000,2500,1500,3500,2700,2500,32500
47.36,30.89,23.8,23.43,678.65,7.32,61.2,Coriander,72,3000,2000,3000,1500,3800,4500,2000,2500,1500,3500,2700,2500,32500
52.61,30.4,28.4,15.71,702.7,6.53,59,Coriander,72,3000,2000,3000,1500,3800,4500,2000,2500,1500,3500,2700,2500,32500
47.1,43.99,25.87,23.28,767.02,6.78,63.1,Coriander,72,3000,2000,3000,1500,3800,4500,2000,2500,1500,3500,2700,2500,32500
58.11,34.79,33.13,15.76,766.51,6.36,68.6,Coriander,72,3000,2000,3000,1500,3800,4500,2000,2500,1500,3500,2700,2500,32500
58.13,49.82,35.65,17.78,728.88,6.69,61.9,Coriander,72,3000,2000,3000,1500,3800,4500,2000,2500,1500,3500,2700,2500,32500
58.98,30.73,24.4,17.5,659.04,6.73,69.7,Coriander,72,3000,2000,3000,1500,3800,4500,2000,2500,1500,3500,2700,2500,32500
54.09,45.45,24.11,24.63,555.61,7.46,51.3,Coriander,72,3000,2000,3000,1500,3800,4500,2000,2500,1500,3500,2700,2500,32500
50.36,45.39,21.37,21.52,560.54,7.17,61.7,Coriander,72,3000,2000,3000,1500,3800,4500,2000,2500,1500,3500,2700,2500,32500
56.58,43.81,25.64,21.74,766.78,7.07,60.8,Coriander,72,3000,2000,3000,1500,3800,4500,2000,2500,1500,3500,2700,2500,32500
44.91,33.68,29.36,21.81,570.23,6.91,69.3,Coriander,72,3000,2000,3000,1500,3800,4500,2000,2500,1500,3500,2700,2500,32500
46.01,43.98,39.8,20.31,618.76,6.68,54.5,Coriander,72,3000,2000,3000,1500,3800,4500,2000,2500,1500,3500,2700,2500,32500
43.82,44.25,20.47,17.61,553.9,6.2,59.6,Coriander,72,3000,2000,3000,1500,3800,4500,2000,2500,1500,3500,2700,2500,32500
48.27,31.77,23.13,22.47,602.28,6.34,64.2,Coriander,72,3000,2000,3000,1500,3800,4500,2000,2500,1500,3500,2700,2500,32500
51.94,45.8,37.27,16.9,605.13,6.37,51.3,Coriander,72,3000,2000,3000,1500,3800,4500,2000,2500,1500,3500,2700,2500,32500
46.55,40.46,34.29,17.07,579.09,6.06,56.1,Coriander,72,3000,2000,3000,1500,3800,4500,2000,2500,1500,3500,2700,2500,32500
52.5,38.64,25.05,20.76,511.71,6.72,54.6,Coriander,72,3000,2000,3000,1500,3800,4500,2000,2500,1500,3500,2700,2500,32500
35.56,31.14,32.34,23.92,707.15,6.42,55.92,Fenugreek(Methi),98,3000,2200,3000,1500,3500,4500,2000,2500,1500,3500,2800,2500,32500
33.45,25.19,49.55,15.27,644.75,5.45,41.78,Fenugreek(Methi),98,3000,2200,3000,1500,3500,4500,2000,2500,1500,3500,2800,2500,32500
42.13,27.13,35.68,23.7,706.99,7.73,58.09,Fenugreek(Methi),98,3000,2200,3000,1500,3500,4500,2000,2500,1500,3500,2800,2500,32500
41.08,39.59,42.51,16.65,657.21,6.39,49.51,Fenugreek(Methi),98,3000,2200,3000,1500,3500,4500,2000,2500,1500,3500,2800,2500,32500
25.59,37.56,46.31,17.29,661.29,7,40.24,Fenugreek(Methi),98,3000,2200,3000,1500,3500,4500,2000,2500,1500,3500,2800,2500,32500
33.32,24.95,44.42,21.57,615.82,7.98,43.07,Fenugreek(Methi),98,3000,2200,3000,1500,3500,4500,2000,2500,1500,3500,2800,2500,32500
33.99,38.53,37.84,26.64,695.91,7.22,45.74,Fenugreek(Methi),98,3000,2200,3000,1500,3500,4500,2000,2500,1500,3500,2800,2500,32500
45.3,27.41,48.7,15.73,677.79,6.01,57.84,Fenugreek(Methi),98,3000,2200,3000,1500,3500,4500,2000,2500,1500,3500,2800,2500,32500
29.75,39.5,41.91,27.48,627.13,6.4,51.47,Fenugreek(Methi),98,3000,2200,3000,1500,3500,4500,2000,2500,1500,3500,2800,2500,32500
33.57,21.62,38.98,26.71,743.2,5.53,45.42,Fenugreek(Methi),98,3000,2200,3000,1500,3500,4500,2000,2500,1500,3500,2800,2500,32500
45.13,21.21,42.8,23.53,605.97,6.3,54.57,Fenugreek(Methi),98,3000,2200,3000,1500,3500,4500,2000,2500,1500,3500,2800,2500,32500
41.58,20.92,38.44,22.76,688.81,5.37,50,Fenugreek(Methi),98,3000,2200,3000,1500,3500,4500,2000,2500,1500,3500,2800,2500,32500
24.16,20.57,33.16,25.41,609.96,7.42,56.84,Fenugreek(Methi),98,3000,2200,3000,1500,3500,4500,2000,2500,1500,3500,2800,2500,32500
35.03,38.11,34.12,21.9,721.67,5.72,54.02,Fenugreek(Methi),98,3000,2200,3000,1500,3500,4500,2000,2500,1500,3500,2800,2500,32500
41.48,22.05,46.7,15.28,695.77,5.54,45.54,Fenugreek(Methi),98,3000,2200,3000,1500,3500,4500,2000,2500,1500,3500,2800,2500,32500
43.74,24.64,39.87,25.32,547.48,7.3,56.11,Fenugreek(Methi),98,3000,2200,3000,1500,3500,4500,2000,2500,1500,3500,2800,2500,32500
47.64,37.19,33.9,19.11,514.26,7.55,48.98,Fenugreek(Methi),98,3000,2200,3000,1500,3500,4500,2000,2500,1500,3500,2800,2500,32500
30.53,28.48,39.17,21.22,536.28,6.79,44.46,Fenugreek(Methi),98,3000,2200,3000,1500,3500,4500,2000,2500,1500,3500,2800,2500,32500
42.96,30.45,30.57,20.63,605.8,8.03,42.96,Fenugreek(Methi),98,3000,2200,3000,1500,3500,4500,2000,2500,1500,3500,2800,2500,32500
26.74,37.87,32.14,22.42,513.85,7.81,41.77,Fenugreek(Methi),98,3000,2200,3000,1500,3500,4500,2000,2500,1500,3500,2800,2500,32500
34.12,38.73,38.01,20.96,624.1,6.97,42.68,Fenugreek(Methi),98,3000,2200,3000,1500,3500,4500,2000,2500,1500,3500,2800,2500,32500
23.5,26.63,45.85,16.7,540.99,5.96,44.65,Fenugreek(Methi),98,3000,2200,3000,1500,3500,4500,2000,2500,1500,3500,2800,2500,32500
43.07,33.44,31.11,15.63,672.36,7.19,45.35,Fenugreek(Methi),98,3000,2200,3000,1500,3500,4500,2000,2500,1500,3500,2800,2500,32500
36.17,21.99,42.57,26.24,607.81,6,44.59,Fenugreek(Methi),98,3000,2200,3000,1500,3500,4500,2000,2500,1500,3500,2800,2500,32500
44.97,32.85,49.67,25.67,712.02,6.7,56.31,Fenugreek(Methi),98,3000,2200,3000,1500,3500,4500,2000,2500,1500,3500,2800,2500,32500
44.86,34.37,43.55,17.76,711.01,7.26,59.35,Fenugreek(Methi),98,3000,2200,3000,1500,3500,4500,2000,2500,1500,3500,2800,2500,32500
31.06,26.03,34.26,17.43,683.43,6.99,44.57,Fenugreek(Methi),98,3000,2200,3000,1500,3500,4500,2000,2500,1500,3500,2800,2500,32500
43.3,37.8,41.12,23.93,619.21,6.92,55.2,Fenugreek(Methi),98,3000,2200,3000,1500,3500,4500,2000,2500,1500,3500,2800,2500,32500
45.55,34.96,43.87,24.9,723.05,6.55,44.52,Fenugreek(Methi),98,3000,2200,3000,1500,3500,4500,2000,2500,1500,3500,2800,2500,32500
39.38,35.48,33.44,19.79,510.24,5.86,49.59,Fenugreek(Methi),98,3000,2200,3000,1500,3500,4500,2000,2500,1500,3500,2800,2500,32500
20.01,27.15,35.14,15.89,741.83,7.4,40.06,Fenugreek(Methi),98,3000,2200,3000,1500,3500,4500,2000,2500,1500,3500,2800,2500,32500
85.26,33.67,209.69,23.16,329.89,6.36,45.45,Mustard(Sarson),535,3000,2500,3500,1500,4000,4500,2000,3000,1800,4000,3000,2700,35500
81.44,38.1,198.08,23.28,337.06,6.35,51.5,Mustard(Sarson),535,3000,2500,3500,1500,4000,4500,2000,3000,1800,4000,3000,2700,35500
86.2,43.14,212.29,22.55,373.57,6.95,49.18,Mustard(Sarson),535,3000,2500,3500,1500,4000,4500,2000,3000,1800,4000,3000,2700,35500
91.94,42.18,192.31,22.82,378.05,6.16,54.14,Mustard(Sarson),535,3000,2500,3500,1500,4000,4500,2000,3000,1800,4000,3000,2700,35500
83.45,40.07,216.31,24.85,294.73,6.67,58.45,Mustard(Sarson),535,3000,2500,3500,1500,4000,4500,2000,3000,1800,4000,3000,2700,35500
86.67,37.67,189,24.25,334.05,6.05,53.17,Mustard(Sarson),535,3000,2500,3500,1500,4000,4500,2000,3000,1800,4000,3000,2700,35500
87.17,39.24,198.57,24.94,335.42,6.49,40.94,Mustard(Sarson),535,3000,2500,3500,1500,4000,4500,2000,3000,1800,4000,3000,2700,35500
89.34,38.87,219.89,23.01,312.18,6.81,47.83,Mustard(Sarson),535,3000,2500,3500,1500,4000,4500,2000,3000,1800,4000,3000,2700,35500
99.19,38.17,184.95,22.18,269.12,6.77,43.01,Mustard(Sarson),535,3000,2500,3500,1500,4000,4500,2000,3000,1800,4000,3000,2700,35500
97.22,44.41,196.17,22.88,364.85,6.6,53.41,Mustard(Sarson),535,3000,2500,3500,1500,4000,4500,2000,3000,1800,4000,3000,2700,35500
85.35,44.11,191.36,22.5,311.69,6.82,59.89,Mustard(Sarson),535,3000,2500,3500,1500,4000,4500,2000,3000,1800,4000,3000,2700,35500
94.46,42.67,185.25,22.37,346.72,6.83,41.8,Mustard(Sarson),535,3000,2500,3500,1500,4000,4500,2000,3000,1800,4000,3000,2700,35500
97.3,38.85,191.93,24.69,346.49,6.8,48.72,Mustard(Sarson),535,3000,2500,3500,1500,4000,4500,2000,3000,1800,4000,3000,2700,35500
97.52,40.83,214.53,24.39,280.86,6.91,52.14,Mustard(Sarson),535,3000,2500,3500,1500,4000,4500,2000,3000,1800,4000,3000,2700,35500
97.28,33.96,190.14,24.02,307.15,6.22,47.66,Mustard(Sarson),535,3000,2500,3500,1500,4000,4500,2000,3000,1800,4000,3000,2700,35500
84.48,39.52,187.02,23.37,324.51,6.5,53.55,Mustard(Sarson),535,3000,2500,3500,1500,4000,4500,2000,3000,1800,4000,3000,2700,35500
85.22,38.01,199.61,24.28,337.4,6.52,42.1,Mustard(Sarson),535,3000,2500,3500,1500,4000,4500,2000,3000,1800,4000,3000,2700,35500
88.84,39.5,196.68,22.06,388.78,6.18,52.08,Mustard(Sarson),535,3000,2500,3500,1500,4000,4500,2000,3000,1800,4000,3000,2700,35500
98.98,38.12,219.02,23.94,276.96,6.88,56.93,Mustard(Sarson),535,3000,2500,3500,1500,4000,4500,2000,3000,1800,4000,3000,2700,35500
97.87,37.82,184.52,22.99,368.45,6.32,47.45,Mustard(Sarson),535,3000,2500,3500,1500,4000,4500,2000,3000,1800,4000,3000,2700,35500
80.87,40.22,199.8,22.54,316.06,6.49,43.52,Mustard(Sarson),535,3000,2500,3500,1500,4000,4500,2000,3000,1800,4000,3000,2700,35500
92.28,42.85,211.15,24.52,282.85,6.24,56.47,Mustard(Sarson),535,3000,2500,3500,1500,4000,4500,2000,3000,1800,4000,3000,2700,35500
89.15,36.22,206.77,24.32,334.15,6.42,47.99,Mustard(Sarson),535,3000,2500,3500,1500,4000,4500,2000,3000,1800,4000,3000,2700,35500
92.6,43.66,222.51,22.53,389.89,6.89,55.62,Mustard(Sarson),535,3000,2500,3500,1500,4000,4500,2000,3000,1800,4000,3000,2700,35500
85.23,38.26,213.91,23.63,352.64,6.58,40.2,Mustard(Sarson),535,3000,2500,3500,1500,4000,4500,2000,3000,1800,4000,3000,2700,35500
89.14,38.48,211.93,24.91,373.71,6.66,47.42,Mustard(Sarson),535,3000,2500,3500,1500,4000,4500,2000,3000,1800,4000,3000,2700,35500
99.6,44.4,203.42,24.28,270.12,6.63,55.27,Mustard(Sarson),535,3000,2500,3500,1500,4000,4500,2000,3000,1800,4000,3000,2700,35500
86.28,34.8,191.13,22,395.19,6.58,53.38,Mustard(Sarson),535,3000,2500,3500,1500,4000,4500,2000,3000,1800,4000,3000,2700,35500
90.84,44.44,198.96,22.22,368.28,6.98,58.27,Mustard(Sarson),535,3000,2500,3500,1500,4000,4500,2000,3000,1800,4000,3000,2700,35500
91.55,38.45,212.48,24.44,354.47,6.13,42.97,Mustard(Sarson),535,3000,2500,3500,1500,4000,4500,2000,3000,1800,4000,3000,2700,35500
82.52,44.71,184.65,24.13,258.39,6.39,43.67,Mustard(Sarson),535,3000,2500,3500,1500,4000,4500,2000,3000,1800,4000,3000,2700,35500
135.64,120.23,165.52,15.04,662.68,6.2,65.3,Garlic,200,3000,4000,15000,2500,5500,8000,2500,3500,2500,6000,5000,2500,60000
126.86,127.6,164.29,19.66,619.08,6.35,67.68,Garlic,200,3000,4000,15000,2500,5500,8000,2500,3500,2500,6000,5000,2500,60000
131.42,132.23,164.23,11.71,634.23,6.17,69.11,Garlic,200,3000,4000,15000,2500,5500,8000,2500,3500,2500,6000,5000,2500,60000
131.5,104.87,153.59,20.46,625.81,6.71,69.77,Garlic,200,3000,4000,15000,2500,5500,8000,2500,3500,2500,6000,5000,2500,60000
125.02,109.82,164.28,11.73,650,6.58,65.28,Garlic,200,3000,4000,15000,2500,5500,8000,2500,3500,2500,6000,5000,2500,60000
135.48,150.56,167.56,18.08,623.36,6.28,68.76,Garlic,200,3000,4000,15000,2500,5500,8000,2500,3500,2500,6000,5000,2500,60000
129.17,156.41,156.68,20.89,631.59,6.86,68.92,Garlic,200,3000,4000,15000,2500,5500,8000,2500,3500,2500,6000,5000,2500,60000
129.85,115.23,150.32,22.86,682.71,6.33,66.96,Garlic,200,3000,4000,15000,2500,5500,8000,2500,3500,2500,6000,5000,2500,60000
134.32,117.6,163.19,15.97,672.14,6.9,67.92,Garlic,200,3000,4000,15000,2500,5500,8000,2500,3500,2500,6000,5000,2500,60000
132.17,131.14,165.93,15.27,680.99,6.7,66.81,Garlic,200,3000,4000,15000,2500,5500,8000,2500,3500,2500,6000,5000,2500,60000
132.54,132.5,155.39,28.51,689.24,6.43,67.72,Garlic,200,3000,4000,15000,2500,5500,8000,2500,3500,2500,6000,5000,2500,60000
133.92,146.34,152.71,13.07,697.96,6.66,66.53,Garlic,200,3000,4000,15000,2500,5500,8000,2500,3500,2500,6000,5000,2500,60000
136.45,135.8,150.47,21.15,673.51,6.76,69.71,Garlic,200,3000,4000,15000,2500,5500,8000,2500,3500,2500,6000,5000,2500,60000
128.29,160.79,151.6,10.23,675.51,6.93,69.73,Garlic,200,3000,4000,15000,2500,5500,8000,2500,3500,2500,6000,5000,2500,60000
136.22,153.83,158,26.26,691.75,6.93,67.84,Garlic,200,3000,4000,15000,2500,5500,8000,2500,3500,2500,6000,5000,2500,60000
131.76,100.36,153.88,11.6,609.77,6.8,69.75,Garlic,200,3000,4000,15000,2500,5500,8000,2500,3500,2500,6000,5000,2500,60000
125.38,167.29,161.1,19.29,679.78,6.35,68,Garlic,200,3000,4000,15000,2500,5500,8000,2500,3500,2500,6000,5000,2500,60000
135.29,167.65,150.6,29.44,661.45,6.96,66.57,Garlic,200,3000,4000,15000,2500,5500,8000,2500,3500,2500,6000,5000,2500,60000
132.72,148.83,157.34,18.8,615.14,6.14,67.53,Garlic,200,3000,4000,15000,2500,5500,8000,2500,3500,2500,6000,5000,2500,60000
131.05,129.73,160.71,18.07,647,6.84,65.83,Garlic,200,3000,4000,15000,2500,5500,8000,2500,3500,2500,6000,5000,2500,60000
129,151.55,155.1,26.93,684.87,6.53,69.75,Garlic,200,3000,4000,15000,2500,5500,8000,2500,3500,2500,6000,5000,2500,60000
137.24,150.41,167.83,16.33,655.62,6.95,69.7,Garlic,200,3000,4000,15000,2500,5500,8000,2500,3500,2500,6000,5000,2500,60000
128.81,139.12,156.59,28.18,658.45,6.81,66.05,Garlic,200,3000,4000,15000,2500,5500,8000,2500,3500,2500,6000,5000,2500,60000
136.04,101.36,164.94,27.49,639.5,6.7,68.46,Garlic,200,3000,4000,15000,2500,5500,8000,2500,3500,2500,6000,5000,2500,60000
128.55,146.4,152.27,18.84,665.42,6.7,68.01,Garlic,200,3000,4000,15000,2500,5500,8000,2500,3500,2500,6000,5000,2500,60000
132.43,134.34,166.93,25.58,647.36,6.09,65.87,Garlic,200,3000,4000,15000,2500,5500,8000,2500,3500,2500,6000,5000,2500,60000
130.15,151.22,153.53,14.44,641.27,6.64,67.91,Garlic,200,3000,4000,15000,2500,5500,8000,2500,3500,2500,6000,5000,2500,60000
125.96,136.28,167.89,19.76,694.09,6.14,65.92,Garlic,200,3000,4000,15000,2500,5500,8000,2500,3500,2500,6000,5000,2500,60000
134.71,113.74,164.6,12,670.76,6.52,66.43,Garlic,200,3000,4000,15000,2500,5500,8000,2500,3500,2500,6000,5000,2500,60000
129.1,131.24,162.57,22.25,647.78,6.64,67.33,Garlic,200,3000,4000,15000,2500,5500,8000,2500,3500,2500,6000,5000,2500,60000
130.8,142.97,160.62,11.77,674.95,6.16,69.67,Garlic,200,3000,4000,15000,2500,5500,8000,2500,3500,2500,6000,5000,2500,60000
125.12,104.69,160.6,28.55,624.87,6.82,67.36,Garlic,200,3000,4000,15000,2500,5500,8000,2500,3500,2500,6000,5000,2500,60000
126.69,140.93,167.7,29.66,673.99,6.27,69.79,Garlic,200,3000,4000,15000,2500,5500,8000,2500,3500,2500,6000,5000,2500,60000
132.8,135.4,155.11,15.3,659.9,6.37,67.74,Garlic,200,3000,4000,15000,2500,5500,8000,2500,3500,2500,6000,5000,2500,60000
130.36,118.32,161.2,14.18,600.21,6.8,66.5,Garlic,200,3000,4000,15000,2500,5500,8000,2500,3500,2500,6000,5000,2500,60000
127.53,105.87,167.67,16.24,610.87,6.96,69.2,Garlic,200,3000,4000,15000,2500,5500,8000,2500,3500,2500,6000,5000,2500,60000
138.73,159.63,150.72,29.83,661.11,6.72,68.59,Garlic,200,3000,4000,15000,2500,5500,8000,2500,3500,2500,6000,5000,2500,60000
132.93,152.04,162.15,15.28,658.2,6.62,65.89,Garlic,200,3000,4000,15000,2500,5500,8000,2500,3500,2500,6000,5000,2500,60000
132.79,101.35,150.35,15.16,605.48,6.1,65.21,Garlic,200,3000,4000,15000,2500,5500,8000,2500,3500,2500,6000,5000,2500,60000
131.46,119.12,150.76,10.01,633.82,6.17,67.6,Garlic,200,3000,4000,15000,2500,5500,8000,2500,3500,2500,6000,5000,2500,60000
125.32,102.65,154.68,12.79,666.92,6.27,65.54,Garlic,200,3000,4000,15000,2500,5500,8000,2500,3500,2500,6000,5000,2500,60000
128.11,160.67,164.28,24.11,609.2,6.67,66.34,Garlic,200,3000,4000,15000,2500,5500,8000,2500,3500,2500,6000,5000,2500,60000
129.12,161.19,166.21,16.5,650.19,6.97,69.74,Garlic,200,3000,4000,15000,2500,5500,8000,2500,3500,2500,6000,5000,2500,60000
139.8,100.69,150.25,12.03,684.33,6.74,65.94,Garlic,200,3000,4000,15000,2500,5500,8000,2500,3500,2500,6000,5000,2500,60000
128.73,116.39,163.05,16.22,663.57,6.92,65.47,Garlic,200,3000,4000,15000,2500,5500,8000,2500,3500,2500,6000,5000,2500,60000
130.09,145.37,161.42,27.63,659.6,6.76,66.7,Garlic,200,3000,4000,15000,2500,5500,8000,2500,3500,2500,6000,5000,2500,60000
139.44,128.54,160.64,17.84,624.54,6.51,65.49,Garlic,200,3000,4000,15000,2500,5500,8000,2500,3500,2500,6000,5000,2500,60000
134.6,157.19,166.11,25.41,642.47,6.56,68.83,Garlic,200,3000,4000,15000,2500,5500,8000,2500,3500,2500,6000,5000,2500,60000
133.55,103.2,151.89,11.45,675.04,6.6,67.16,Garlic,200,3000,4000,15000,2500,5500,8000,2500,3500,2500,6000,5000,2500,60000
136.44,117.9,164.99,21.98,637.14,6.61,66.93,Garlic,200,3000,4000,15000,2500,5500,8000,2500,3500,2500,6000,5000,2500,60000
27.48,32.78,148.75,29.85,443.76,6.67,66,Peas,310,3500,2500,4000,1800,4500,6500,2500,3000,2000,5500,4000,2700,42500
16.27,25.53,164.82,18.01,441.32,6.88,66.24,Peas,310,3500,2500,4000,1800,4500,6500,2500,3000,2000,5500,4000,2700,42500
41.58,30.13,159.83,25.15,404.24,6.88,66.35,Peas,310,3500,2500,4000,1800,4500,6500,2500,3000,2000,5500,4000,2700,42500
20.66,20.84,135.36,19.85,447.8,6.27,62.25,Peas,310,3500,2500,4000,1800,4500,6500,2500,3000,2000,5500,4000,2700,42500
27.74,38.8,143.41,29.93,497.02,7.03,52.58,Peas,310,3500,2500,4000,1800,4500,6500,2500,3000,2000,5500,4000,2700,42500
39.93,26.33,146.06,24.04,455.69,6.7,68.25,Peas,310,3500,2500,4000,1800,4500,6500,2500,3000,2000,5500,4000,2700,42500
15.51,39.72,140.89,27.62,485.09,6.06,53.86,Peas,310,3500,2500,4000,1800,4500,6500,2500,3000,2000,5500,4000,2700,42500
22.52,28.43,158.24,23.48,413.01,6.3,51.47,Peas,310,3500,2500,4000,1800,4500,6500,2500,3000,2000,5500,4000,2700,42500
44.24,29.67,141.77,19.77,401.03,6.36,51.7,Peas,310,3500,2500,4000,1800,4500,6500,2500,3000,2000,5500,4000,2700,42500
23.75,23,146.13,27.54,478.42,6.33,58.53,Peas,310,3500,2500,4000,1800,4500,6500,2500,3000,2000,5500,4000,2700,42500
36.37,36.29,162.56,16.49,463.79,6.97,66.15,Peas,310,3500,2500,4000,1800,4500,6500,2500,3000,2000,5500,4000,2700,42500
24.09,22.17,162.85,22.05,459.35,6.3,63.65,Peas,310,3500,2500,4000,1800,4500,6500,2500,3000,2000,5500,4000,2700,42500
30.76,29.49,154.04,29.94,403.46,7.4,69.34,Peas,310,3500,2500,4000,1800,4500,6500,2500,3000,2000,5500,4000,2700,42500
37.52,36.47,142.94,21.5,469.66,7.46,65.22,Peas,310,3500,2500,4000,1800,4500,6500,2500,3000,2000,5500,4000,2700,42500
44.79,30.94,149.63,19.55,472.8,6.84,56.77,Peas,310,3500,2500,4000,1800,4500,6500,2500,3000,2000,5500,4000,2700,42500
41.49,23.7,137.5,24.16,445.61,6.45,65.01,Peas,310,3500,2500,4000,1800,4500,6500,2500,3000,2000,5500,4000,2700,42500
41.02,24.71,150.62,23.23,441.07,7.25,59.72,Peas,310,3500,2500,4000,1800,4500,6500,2500,3000,2000,5500,4000,2700,42500
33.93,39.62,151.94,26.51,425.4,7.25,54.22,Peas,310,3500,2500,4000,1800,4500,6500,2500,3000,2000,5500,4000,2700,42500
20.7,24.84,139.8,25.07,405.81,7.48,59.5,Peas,310,3500,2500,4000,1800,4500,6500,2500,3000,2000,5500,4000,2700,42500
15.02,36.38,158.15,20.67,413.42,6.86,60.25,Peas,310,3500,2500,4000,1800,4500,6500,2500,3000,2000,5500,4000,2700,42500
28.31,37.68,150.96,18.86,439.84,7.37,64.69,Peas,310,3500,2500,4000,1800,4500,6500,2500,3000,2000,5500,4000,2700,42500
21.18,34.57,156.92,15.26,464.75,6.61,52.9,Peas,310,3500,2500,4000,1800,4500,6500,2500,3000,2000,5500,4000,2700,42500
41.45,31.99,144.7,23.57,487.13,6.23,66.85,Peas,310,3500,2500,4000,1800,4500,6500,2500,3000,2000,5500,4000,2700,42500
30,22.56,152.67,26.78,482.23,7.31,58,Peas,310,3500,2500,4000,1800,4500,6500,2500,3000,2000,5500,4000,2700,42500
30.77,38.59,164.67,18.76,441.68,6.58,53.35,Peas,310,3500,2500,4000,1800,4500,6500,2500,3000,2000,5500,4000,2700,42500
37.22,32.61,150.04,27.19,408.86,6.31,62.2,Peas,310,3500,2500,4000,1800,4500,6500,2500,3000,2000,5500,4000,2700,42500
18.54,33.62,137.06,23.36,477.36,7.42,66.39,Peas,310,3500,2500,4000,1800,4500,6500,2500,3000,2000,5500,4000,2700,42500
24.48,35.03,143.99,23.99,481.34,6.45,53.11,Peas,310,3500,2500,4000,1800,4500,6500,2500,3000,2000,5500,4000,2700,42500
32.5,22.54,160.77,20.65,451.03,6.35,58.59,Peas,310,3500,2500,4000,1800,4500,6500,2500,3000,2000,5500,4000,2700,42500
43.15,25.3,162.39,19.76,482.09,6.11,52.42,Peas,310,3500,2500,4000,1800,4500,6500,2500,3000,2000,5500,4000,2700,42500
36.71,24.04,142.68,15.87,414.6,6.58,56.84,Peas,310,3500,2500,4000,1800,4500,6500,2500,3000,2000,5500,4000,2700,42500
34.33,36.74,136.2,29.3,441.93,7.42,68.65,Peas,310,3500,2500,4000,1800,4500,6500,2500,3000,2000,5500,4000,2700,42500
128.51,65.67,73.53,17.79,879.64,6.18,95.24,Spinach(Palak),350,3000,2000,3500,1500,4000,5500,2000,2500,1800,4500,3000,2700,36000
149.99,70.93,65.61,23.84,982.92,6.41,96.55,Spinach(Palak),350,3000,2000,3500,1500,4000,5500,2000,2500,1800,4500,3000,2700,36000
125.31,71.28,71.08,25.64,938.14,6.07,96,Spinach(Palak),350,3000,2000,3500,1500,4000,5500,2000,2500,1800,4500,3000,2700,36000
126.73,69.25,70.16,24.09,901.05,6.34,97.14,Spinach(Palak),350,3000,2000,3500,1500,4000,5500,2000,2500,1800,4500,3000,2700,36000
136.6,65.93,71.57,25.71,1010.55,6.02,95.49,Spinach(Palak),350,3000,2000,3500,1500,4000,5500,2000,2500,1800,4500,3000,2700,36000
144.95,74.37,62.6,26.15,970,6.11,99.82,Spinach(Palak),350,3000,2000,3500,1500,4000,5500,2000,2500,1800,4500,3000,2700,36000
129.62,62.95,63.71,16.06,1140.2,6.86,98.58,Spinach(Palak),350,3000,2000,3500,1500,4000,5500,2000,2500,1800,4500,3000,2700,36000
141.27,67.37,63.61,16.03,1020.51,6.59,97.96,Spinach(Palak),350,3000,2000,3500,1500,4000,5500,2000,2500,1800,4500,3000,2700,36000
142.41,68.03,70.49,22.54,999.07,6.87,95.31,Spinach(Palak),350,3000,2000,3500,1500,4000,5500,2000,2500,1800,4500,3000,2700,36000
138.48,74.73,70.33,16.41,873.02,6.15,96.19,Spinach(Palak),350,3000,2000,3500,1500,4000,5500,2000,2500,1800,4500,3000,2700,36000
142.13,73.79,67.69,20.29,825.28,6.43,96.53,Spinach(Palak),350,3000,2000,3500,1500,4000,5500,2000,2500,1800,4500,3000,2700,36000
128.02,72.64,65.77,28.04,854.25,6.8,98.59,Spinach(Palak),350,3000,2000,3500,1500,4000,5500,2000,2500,1800,4500,3000,2700,36000
139.15,63.01,63.92,25.38,859.91,6.44,98.18,Spinach(Palak),350,3000,2000,3500,1500,4000,5500,2000,2500,1800,4500,3000,2700,36000
149.69,73.9,72.44,23.97,1178.85,6.41,99.57,Spinach(Palak),350,3000,2000,3500,1500,4000,5500,2000,2500,1800,4500,3000,2700,36000
135.63,63.54,65.42,26.75,1084.9,6.81,96.02,Spinach(Palak),350,3000,2000,3500,1500,4000,5500,2000,2500,1800,4500,3000,2700,36000
147.93,66.11,70.07,18.22,1142.41,6.03,98.7,Spinach(Palak),350,3000,2000,3500,1500,4000,5500,2000,2500,1800,4500,3000,2700,36000
129.39,73.35,68.37,17.17,944.75,6.23,96.18,Spinach(Palak),350,3000,2000,3500,1500,4000,5500,2000,2500,1800,4500,3000,2700,36000
143.05,69.35,71.07,23.81,906.61,6.7,99.66,Spinach(Palak),350,3000,2000,3500,1500,4000,5500,2000,2500,1800,4500,3000,2700,36000
144.7,68.99,74.76,21.67,982.56,6.38,95.07,Spinach(Palak),350,3000,2000,3500,1500,4000,5500,2000,2500,1800,4500,3000,2700,36000
134.11,70.65,66.88,23.67,884.53,6.36,95.61,Spinach(Palak),350,3000,2000,3500,1500,4000,5500,2000,2500,1800,4500,3000,2700,36000
136.77,64.35,72.1,19,1148.58,6.45,97.53,Spinach(Palak),350,3000,2000,3500,1500,4000,5500,2000,2500,1800,4500,3000,2700,36000
137.63,69.46,74.56,18.31,954.81,6.67,98.46,Spinach(Palak),350,3000,2000,3500,1500,4000,5500,2000,2500,1800,4500,3000,2700,36000
132.41,64.3,64.35,17.36,885.18,6.65,98.83,Spinach(Palak),350,3000,2000,3500,1500,4000,5500,2000,2500,1800,4500,3000,2700,36000
131.72,72.57,62.54,19.62,910.21,6.45,98.16,Spinach(Palak),350,3000,2000,3500,1500,4000,5500,2000,2500,1800,4500,3000,2700,36000
143.87,64.92,69.22,15.66,1131.24,6.82,98.33,Spinach(Palak),350,3000,2000,3500,1500,4000,5500,2000,2500,1800,4500,3000,2700,36000
130.13,68.23,69.28,21.45,800.77,6.64,99.19,Spinach(Palak),350,3000,2000,3500,1500,4000,5500,2000,2500,1800,4500,3000,2700,36000
142.9,72.5,65.59,23.94,1143.75,6.52,96.09,Spinach(Palak),350,3000,2000,3500,1500,4000,5500,2000,2500,1800,4500,3000,2700,36000
139.2,74.09,74.02,27.04,804.86,6.23,96.45,Spinach(Palak),350,3000,2000,3500,1500,4000,5500,2000,2500,1800,4500,3000,2700,36000
143,72.95,68.89,15.78,1112.91,6.26,99.72,Spinach(Palak),350,3000,2000,3500,1500,4000,5500,2000,2500,1800,4500,3000,2700,36000
130.85,67.95,69.6,29.26,1191.69,6.45,95.26,Spinach(Palak),350,3000,2000,3500,1500,4000,5500,2000,2500,1800,4500,3000,2700,36000
145.21,71.39,62.95,28.24,995.05,6.27,98.55,Spinach(Palak),350,3000,2000,3500,1500,4000,5500,2000,2500,1800,4500,3000,2700,36000
144.67,73.28,67.63,24.38,1003.7,6.84,95.41,Spinach(Palak),350,3000,2000,3500,1500,4000,5500,2000,2500,1800,4500,3000,2700,36000
376.1,111.27,859.66,27.7,1439.54,5.85,48.22,Marigold,250,3500,2500,4000,1800,4500,6000,2500,3000,2000,5500,3500,2700,41500
311.56,133.65,755.22,34.45,1341.7,5.92,57.89,Marigold,250,3500,2500,4000,1800,4500,6000,2500,3000,2000,5500,3500,2700,41500
445.9,126.21,739.69,26.68,1092.6,5.91,46.08,Marigold,250,3500,2500,4000,1800,4500,6000,2500,3000,2000,5500,3500,2700,41500
406.78,64.58,829.15,34.69,1404.43,5.96,45.76,Marigold,250,3500,2500,4000,1800,4500,6000,2500,3000,2000,5500,3500,2700,41500
393.17,117.24,686.24,33.69,1264.03,5.88,58.12,Marigold,250,3500,2500,4000,1800,4500,6000,2500,3000,2000,5500,3500,2700,41500
384.97,116.97,832.73,25.21,1283.21,6.02,51.54,Marigold,250,3500,2500,4000,1800,4500,6000,2500,3000,2000,5500,3500,2700,41500
351.64,101.99,645.97,28.37,1357.32,5.82,49.26,Marigold,250,3500,2500,4000,1800,4500,6000,2500,3000,2000,5500,3500,2700,41500
266.52,83.08,674.74,32.32,1000.19,6.19,47.24,Marigold,250,3500,2500,4000,1800,4500,6000,2500,3000,2000,5500,3500,2700,41500
234.79,57.5,783.81,31.86,1204.21,6.08,57.49,Marigold,250,3500,2500,4000,1800,4500,6000,2500,3000,2000,5500,3500,2700,41500
394.27,60.16,644.04,30.26,1181.94,6.15,52.81,Marigold,250,3500,2500,4000,1800,4500,6000,2500,3000,2000,5500,3500,2700,41500
392.23,68.65,722.23,28.57,1347.88,5.88,60.59,Marigold,250,3500,2500,4000,1800,4500,6000,2500,3000,2000,5500,3500,2700,41500
431.33,70.38,812.46,27.99,1043.46,5.98,54.5,Marigold,250,3500,2500,4000,1800,4500,6000,2500,3000,2000,5500,3500,2700,41500
246.42,103.6,741.56,30.68,1335.65,5.89,45.89,Marigold,250,3500,2500,4000,1800,4500,6000,2500,3000,2000,5500,3500,2700,41500
368.91,104.79,694,33.67,1102.61,6.14,43.65,Marigold,250,3500,2500,4000,1800,4500,6000,2500,3000,2000,5500,3500,2700,41500
304.87,98.87,601.53,32.31,1140.78,5.99,44.01,Marigold,250,3500,2500,4000,1800,4500,6000,2500,3000,2000,5500,3500,2700,41500
332.07,64.05,575.97,32.69,1410.5,6,66.08,Marigold,250,3500,2500,4000,1800,4500,6000,2500,3000,2000,5500,3500,2700,41500
388.4,61.04,607.75,31.91,1164.58,6.04,47.56,Marigold,250,3500,2500,4000,1800,4500,6000,2500,3000,2000,5500,3500,2700,41500
358.82,70.47,671.91,29.21,1259.15,6.12,40.99,Marigold,250,3500,2500,4000,1800,4500,6000,2500,3000,2000,5500,3500,2700,41500
389.68,60.85,867.24,31.16,1131.09,6.05,59.62,Marigold,250,3500,2500,4000,1800,4500,6000,2500,3000,2000,5500,3500,2700,41500
299.98,121.16,829.46,31.9,1406.78,6.13,40.17,Marigold,250,3500,2500,4000,1800,4500,6000,2500,3000,2000,5500,3500,2700,41500
428.58,88.42,593.44,27.59,1383.62,6.11,65.48,Marigold,250,3500,2500,4000,1800,4500,6000,2500,3000,2000,5500,3500,2700,41500
392.6,88.06,627.11,30.02,1186.05,5.83,43.91,Marigold,250,3500,2500,4000,1800,4500,6000,2500,3000,2000,5500,3500,2700,41500
436.87,70.64,675.29,28.94,1437.91,6.08,64.81,Marigold,250,3500,2500,4000,1800,4500,6000,2500,3000,2000,5500,3500,2700,41500
239.19,66.27,591.65,30.89,1391.02,6.09,62.99,Marigold,250,3500,2500,4000,1800,4500,6000,2500,3000,2000,5500,3500,2700,41500
277.83,90.93,717.46,28.31,1081.87,5.86,42.64,Marigold,250,3500,2500,4000,1800,4500,6000,2500,3000,2000,5500,3500,2700,41500
298.61,106.68,682.52,33.37,1214.76,5.82,43.4,Marigold,250,3500,2500,4000,1800,4500,6000,2500,3000,2000,5500,3500,2700,41500
309.43,126.09,612.16,32.24,1490.81,6.02,69.81,Marigold,250,3500,2500,4000,1800,4500,6000,2500,3000,2000,5500,3500,2700,41500
287.18,70.91,674.62,26.62,1143.72,5.84,69.85,Marigold,250,3500,2500,4000,1800,4500,6000,2500,3000,2000,5500,3500,2700,41500
277.83,82.56,571.38,29.69,1217.47,5.82,69.02,Marigold,250,3500,2500,4000,1800,4500,6000,2500,3000,2000,5500,3500,2700,41500
280.29,114.9,768.48,25.11,1388.92,6.07,54.8,Marigold,250,3500,2500,4000,1800,4500,6000,2500,3000,2000,5500,3500,2700,41500
289.64,76.39,572.57,25.45,1140.4,6.19,47.38,Marigold,250,3500,2500,4000,1800,4500,6000,2500,3000,2000,5500,3500,2700,41500
271.89,97.84,894.3,27.2,1003.92,5.99,65.33,Marigold,250,3500,2500,4000,1800,4500,6000,2500,3000,2000,5500,3500,2700,41500
